{"loss": [0.9093183875083923, 0.8159809708595276, 0.7125637531280518, 0.7403069138526917, 0.630439817905426, 0.6621977686882019, 0.6781365871429443, 0.5853429436683655, 0.5801771283149719, 0.5598495006561279, 0.5501501560211182, 0.5343822836875916, 0.5148845911026001, 0.5188597440719604, 0.5249687433242798, 0.507641077041626, 0.491850882768631, 0.4945518970489502, 0.5034880638122559, 0.4405575394630432, 0.48456871509552, 0.45440152287483215, 0.4152379631996155, 0.43821725249290466, 0.4178447425365448, 0.35192573070526123, 0.4387786090373993, 0.4030393660068512, 0.3703102171421051, 0.35567522048950195, 0.36119934916496277, 0.3484162390232086, 0.3698553740978241, 0.3244383633136749, 0.3101806938648224, 0.2567082643508911, 0.2769058048725128, 0.2438228577375412, 0.2849808931350708, 0.23865875601768494, 0.21865402162075043, 0.2537286877632141, 0.21893185377120972, 0.16848944127559662, 0.20557063817977905, 0.16800527274608612, 0.1786939948797226, 0.21230782568454742, 0.18306799232959747, 0.14166472852230072, 0.1613330841064453, 0.15057700872421265, 0.10809992998838425, 0.10844656080007553, 0.1768600195646286, 0.1578943431377411, 0.15712113678455353, 0.13361738622188568, 0.11768227815628052, 0.0906740054488182, 0.0888313502073288, 0.06462491303682327, 0.09208191931247711, 0.06577670574188232, 0.16124682128429413, 0.0833141952753067, 0.0467248409986496, 0.07525057345628738, 0.14102964103221893, 0.08002099394798279, 0.09871505945920944, 0.06786321103572845, 0.08781878650188446, 0.05381215363740921, 0.054909609258174896, 0.036966919898986816, 0.03961203247308731, 0.034610215574502945, 0.033418044447898865, 0.06589674949645996, 0.04095856472849846, 0.05598020926117897, 0.0967269167304039, 0.09421195834875107, 0.055568620562553406, 0.03427732735872269, 0.03464481234550476, 0.07290805131196976, 0.03364147990942001, 0.03528221324086189, 0.03813890367746353, 0.062242407351732254, 0.030643314123153687, 0.029262792319059372, 0.04373909533023834, 0.053630053997039795, 0.03117499314248562, 0.02297789789736271, 0.013449763879179955, 0.016843119636178017], "accuracy": [0.5194346308708191, 0.547703206539154, 0.6254416704177856, 0.5865724086761475, 0.6749116778373718, 0.6431095600128174, 0.6925795078277588, 0.6819788217544556, 0.6890459656715393, 0.7208480834960938, 0.7385159134864807, 0.7667844295501709, 0.7491165995597839, 0.7279151678085327, 0.7349823117256165, 0.7385159134864807, 0.7455830574035645, 0.7491165995597839, 0.7773851752281189, 0.7915194630622864, 0.7597172856330872, 0.8091872930526733, 0.7632508873939514, 0.7985865473747253, 0.7985865473747253, 0.8374558091163635, 0.7879858613014221, 0.7950530052185059, 0.833922266960144, 0.833922266960144, 0.833922266960144, 0.8480565547943115, 0.8480565547943115, 0.8409894108772278, 0.8586572408676147, 0.8975265026092529, 0.8869258165359497, 0.9045936465263367, 0.8621907830238342, 0.9222614765167236, 0.9045936465263367, 0.9116607904434204, 0.9045936465263367, 0.9328621625900269, 0.9151943325996399, 0.9399293065071106, 0.9363957643508911, 0.9293286204338074, 0.9116607904434204, 0.9505300521850586, 0.9469964504241943, 0.9575971961021423, 0.9575971961021423, 0.9646643400192261, 0.9116607904434204, 0.9469964504241943, 0.9611307382583618, 0.9681978821754456, 0.9575971961021423, 0.9646643400192261, 0.9681978821754456, 0.9787985682487488, 0.9646643400192261, 0.9787985682487488, 0.9540635943412781, 0.9787985682487488, 0.9893993139266968, 0.971731424331665, 0.9611307382583618, 0.9752650260925293, 0.9681978821754456, 0.982332170009613, 0.9752650260925293, 0.9858657121658325, 0.9787985682487488, 0.9964664578437805, 0.9893993139266968, 0.9858657121658325, 0.9858657121658325, 0.9787985682487488, 0.9893993139266968, 0.9787985682487488, 0.971731424331665, 0.9505300521850586, 0.982332170009613, 0.9893993139266968, 0.9893993139266968, 0.9575971961021423, 0.9893993139266968, 0.9858657121658325, 0.9893993139266968, 0.9752650260925293, 0.9964664578437805, 0.9893993139266968, 0.9964664578437805, 0.9752650260925293, 0.9929328560829163, 0.9929328560829163, 1.0, 0.9929328560829163], "precision": [0.7517730593681335, 0.7687074542045593, 0.8216560482978821, 0.7960526347160339, 0.8571428656578064, 0.8192771077156067, 0.8333333134651184, 0.8128342032432556, 0.8361582159996033, 0.855555534362793, 0.8715083599090576, 0.8730158805847168, 0.8541666865348816, 0.831632673740387, 0.8402062058448792, 0.8633880019187927, 0.8358209133148193, 0.8578947186470032, 0.8711340427398682, 0.8814433217048645, 0.8527919054031372, 0.8660287261009216, 0.8608247637748718, 0.8676470518112183, 0.8537735939025879, 0.8779342770576477, 0.8550724387168884, 0.8820512890815735, 0.896039605140686, 0.8846153616905212, 0.8883495330810547, 0.8980582356452942, 0.9019607901573181, 0.9009901285171509, 0.9033816456794739, 0.9278846383094788, 0.9069767594337463, 0.9285714030265808, 0.9077669978141785, 0.934272289276123, 0.9411764740943909, 0.9375, 0.9205607771873474, 0.9563106894493103, 0.921658992767334, 0.948113203048706, 0.9521530866622925, 0.9473684430122375, 0.9375, 0.966183602809906, 0.9528301954269409, 0.9756097793579102, 0.9665071964263916, 0.9804878234863281, 0.9504950642585754, 0.9528301954269409, 0.9757281541824341, 0.9714285731315613, 0.9620853066444397, 0.9712918400764465, 0.9805825352668762, 0.9902439117431641, 0.9804878234863281, 0.980861246585846, 0.9663461446762085, 0.9855072498321533, 0.9903846383094788, 0.9806763529777527, 0.9666666388511658, 0.9901960492134094, 0.9759615659713745, 0.9855769276618958, 0.9716981053352356, 0.9856459498405457, 0.9855072498321533, 0.995192289352417, 0.9951456189155579, 0.995121955871582, 0.990338146686554, 0.980861246585846, 0.9951456189155579, 0.980861246585846, 0.9901477694511414, 0.9617224931716919, 0.9855769276618958, 0.9951456189155579, 0.9903846383094788, 0.9756097793579102, 0.9903846383094788, 0.995121955871582, 0.9903846383094788, 0.9901960492134094, 1.0, 0.9903846383094788, 1.0, 0.976190447807312, 0.9904305934906006, 0.9951691031455994, 1.0, 1.0], "recall": [0.512077271938324, 0.5458937287330627, 0.6231883764266968, 0.5845410823822021, 0.6666666865348816, 0.6570048332214355, 0.7246376872062683, 0.7342995405197144, 0.7149758338928223, 0.7439613342285156, 0.7536231875419617, 0.7971014380455017, 0.7922705411911011, 0.7874395847320557, 0.7874395847320557, 0.7632850408554077, 0.8115941882133484, 0.7874395847320557, 0.8164251446723938, 0.8260869383811951, 0.8115941882133484, 0.8743961453437805, 0.8067632913589478, 0.8550724387168884, 0.8743961453437805, 0.9033816456794739, 0.8550724387168884, 0.8309178948402405, 0.8743961453437805, 0.8888888955116272, 0.8840579986572266, 0.8937197923660278, 0.8888888955116272, 0.8792270421981812, 0.9033816456794739, 0.9323671460151672, 0.9420289993286133, 0.9420289993286133, 0.9033816456794739, 0.9613526463508606, 0.9275362491607666, 0.9420289993286133, 0.9516907930374146, 0.9516907930374146, 0.966183602809906, 0.9710144996643066, 0.9613526463508606, 0.95652174949646, 0.9420289993286133, 0.966183602809906, 0.9758453965187073, 0.966183602809906, 0.9758453965187073, 0.9710144996643066, 0.9275362491607666, 0.9758453965187073, 0.9710144996643066, 0.9855072498321533, 0.9806763529777527, 0.9806763529777527, 0.9758453965187073, 0.9806763529777527, 0.9710144996643066, 0.990338146686554, 0.9710144996643066, 0.9855072498321533, 0.9951691031455994, 0.9806763529777527, 0.9806763529777527, 0.9758453965187073, 0.9806763529777527, 0.990338146686554, 0.9951691031455994, 0.9951691031455994, 0.9855072498321533, 1.0, 0.990338146686554, 0.9855072498321533, 0.990338146686554, 0.990338146686554, 0.990338146686554, 0.990338146686554, 0.9710144996643066, 0.9710144996643066, 0.990338146686554, 0.990338146686554, 0.9951691031455994, 0.966183602809906, 0.9951691031455994, 0.9855072498321533, 0.9951691031455994, 0.9758453965187073, 0.9951691031455994, 0.9951691031455994, 0.9951691031455994, 0.990338146686554, 1.0, 0.9951691031455994, 1.0, 0.990338146686554],